{"assets/images/date1.png":["assets/images/date1.png"],"assets/images/date2.png":["assets/images/date2.png"],"assets/images/fbicon.png":["assets/images/fbicon.png"],"assets/images/index_top1.jpg":["assets/images/index_top1.jpg"],"assets/images/index_top2.jpg":["assets/images/index_top2.jpg"],"assets/images/login.png":["assets/images/login.png"],"assets/images/user2.png":["assets/images/user2.png"],"packages/cupertino_icons/assets/CupertinoIcons.ttf":["packages/cupertino_icons/assets/CupertinoIcons.ttf"]}